<?xml version="1.0" encoding="UTF-8"?><?xml-stylesheet type='text/xsl' href='_UpgradeReport_Files/UpgradeReport.xslt'?><UpgradeLog>
<Properties><Property Name="Solution" Value="Ziggyware.StencilShadows">
</Property><Property Name="Solution File" Value="C:\gamedev\xna\ziggy\Ziggyware.StencilShadows\Ziggyware.StencilShadows\Ziggyware.StencilShadows.sln">
</Property><Property Name="Date" Value="Saturday, November 29, 2008">
</Property><Property Name="Time" Value="6:10:08 AM">
</Property></Properties><Event ErrorLevel="0" Project="Ziggyware.StencilShadows" Source="Ziggyware.StencilShadows.csproj" Description="Upgraded XNA Game Studio nested content projects.">
</Event><Event ErrorLevel="0" Project="Ziggyware.StencilShadows" Source="Ziggyware.StencilShadows.csproj" Description="Upgraded XNA Game Studio project.">
</Event><Event ErrorLevel="0" Project="Ziggyware.StencilShadows" Source="Ziggyware.StencilShadows.csproj" Description="Project file successfully backed up as C:\gamedev\xna\ziggy\Ziggyware.StencilShadows\Ziggyware.StencilShadows\Backup\Ziggyware.StencilShadows.csproj">
</Event><Event ErrorLevel="0" Project="Ziggyware.StencilShadows" Source="Properties\AssemblyInfo.cs" Description="File successfully backed up as C:\gamedev\xna\ziggy\Ziggyware.StencilShadows\Ziggyware.StencilShadows\Backup\Properties\AssemblyInfo.cs">
</Event><Event ErrorLevel="0" Project="Ziggyware.StencilShadows" Source="Program.cs" Description="File successfully backed up as C:\gamedev\xna\ziggy\Ziggyware.StencilShadows\Ziggyware.StencilShadows\Backup\Program.cs">
</Event><Event ErrorLevel="0" Project="Ziggyware.StencilShadows" Source="Game1.cs" Description="File successfully backed up as C:\gamedev\xna\ziggy\Ziggyware.StencilShadows\Ziggyware.StencilShadows\Backup\Game1.cs">
</Event><Event ErrorLevel="0" Project="Ziggyware.StencilShadows" Source="QuadRenderer.cs" Description="File successfully backed up as C:\gamedev\xna\ziggy\Ziggyware.StencilShadows\Ziggyware.StencilShadows\Backup\QuadRenderer.cs">
</Event><Event ErrorLevel="0" Project="Ziggyware.StencilShadows" Source="Game.ico" Description="File successfully backed up as C:\gamedev\xna\ziggy\Ziggyware.StencilShadows\Ziggyware.StencilShadows\Backup\Game.ico">
</Event><Event ErrorLevel="0" Project="Ziggyware.StencilShadows" Source="GameThumbnail.png" Description="File successfully backed up as C:\gamedev\xna\ziggy\Ziggyware.StencilShadows\Ziggyware.StencilShadows\Backup\GameThumbnail.png">
</Event><Event ErrorLevel="0" Project="Ziggyware.StencilShadows" Source="Ziggyware.StencilShadows.csproj" Description="Project converted successfully">
</Event><Event ErrorLevel="3" Project="Ziggyware.StencilShadows" Source="Ziggyware.StencilShadows.csproj" Description="Converted">
</Event><Event ErrorLevel="0" Project="Ziggyware.StencilShadows" Source="Ziggyware.StencilShadows.csproj" Description="Scan complete: Upgrade not required for project files.">
</Event><Event ErrorLevel="0" Project="Ziggyware.StencilShadows" Source="Ziggyware.StencilShadows.csproj" Description="Upgraded XNA Framework References.">
</Event><Event ErrorLevel="0" Project="Content" Source="alphaQuad.fx" Description="Copied XNA Game Studio Content Project content to backup location.">
</Event><Event ErrorLevel="0" Project="Content" Source="alphaTex.png" Description="Copied XNA Game Studio Content Project content to backup location.">
</Event><Event ErrorLevel="0" Project="Content" Source="Content.contentproj" Description="Copied XNA Game Studio Content Project content to backup location.">
</Event><Event ErrorLevel="0" Project="Content" Source="GRASS2.dds" Description="Copied XNA Game Studio Content Project content to backup location.">
</Event><Event ErrorLevel="0" Project="Content" Source="ground.FBX" Description="Copied XNA Game Studio Content Project content to backup location.">
</Event><Event ErrorLevel="0" Project="Content" Source="MtlPlat2.dds" Description="Copied XNA Game Studio Content Project content to backup location.">
</Event><Event ErrorLevel="0" Project="Content" Source="scene.FBX" Description="Copied XNA Game Studio Content Project content to backup location.">
</Event></UpgradeLog>